FromPath,ToPath,StatusCode,IsActive
/index.php,/,301,1
/index2.php,/,301,1
/doctor.php,/team/,301,1
/contact.php,/clinics/,301,1
/make-up-style.php,/about/makeup-style/,301,1
/news-art.php,/about/new-chinese-aesthetics/,301,1
/product01.php,/treatments/,301,1
/product02.php,/treatments/microneedle/,301,1
/product03.php,/treatments/photoelectric/,301,1
/product04.php,/treatments/skincare/,301,1
/product01-d01.php,/treatments/laser/picosure-pro/,301,1
/product01-d02.php,/treatments/laser/er-yag/,301,1
/product02-d21.php,/treatments/photoelectric/dermav/,301,1
/product02-d22.php,/treatments/photoelectric/btl-embody/,301,1
/product02-d01.php,/treatments/microneedle/sculptra/,301,1
/product02-d19.php,/treatments/microneedle/radiesse/,301,1
/product02-d18-.php,/treatments/microneedle/belotero-revive/,301,1
/product02-d02.php,/treatments/microneedle/restylane/,301,1
/product02-d03.php,/treatments/microneedle/xeomin/,301,1
/product02-d04.php,/treatments/microneedle/ellanse/,301,1
/product03-d01.php,/treatments/photoelectric/lightsheer-duet/,301,1
/product03-d02.php,/treatments/photoelectric/miradry/,301,1
/product04-d02.php,/treatments/skincare/neostrata-peel/,301,1
/product04-d03.php,/treatments/skincare/neo-tec/,301,1
/share.php,/blog/,301,1
/share.php?page=2,/blog/,301,1
/share.php?page=3,/blog/,301,1
/share.php?page=4,/blog/,301,1
/share.php?page=5,/blog/,301,1
/share.php?page=6,/blog/,301,1
/share.php?page=7,/blog/,301,1
/share.php?page=8,/blog/,301,1
/share.php?page=9,/blog/,301,1
/share.php?page=10,/blog/,301,1
/share.php?page=11,/blog/,301,1
/share.php?page=12,/blog/,301,1
/share.php?page=13,/blog/,301,1
/share.php?page=14,/blog/,301,1
/share.php?page=15,/blog/,301,1
/share.php?page=16,/blog/,301,1
/share.php?page=17,/blog/,301,1
/share.php?page=18,/blog/,301,1
/share.php?page=19,/blog/,301,1
/share.php?page=20,/blog/,301,1
/share.php?page=21,/blog/,301,1
/share.php?page=22,/blog/,301,1
/share.php?page=23,/blog/,301,1
/share.php?page=24,/blog/,301,1
/share.php?page=25,/blog/,301,1
/share.php?page=26,/blog/,301,1
/share.php?page=27,/blog/,301,1
/share.php?page=28,/blog/,301,1
/share.php?page=29,/blog/,301,1
/share.php?page=30,/blog/,301,1
/share.php?page=31,/blog/,301,1
/share.php?page=32,/blog/,301,1
/share.php?page=33,/blog/,301,1
/share.php?page=34,/blog/,301,1
/share.php?page=35,/blog/,301,1
/share.php?page=36,/blog/,301,1
/share.php?page=37,/blog/,301,1
/share.php?page=38,/blog/,301,1
/share.php?page=39,/blog/,301,1
/share.php?page=40,/blog/,301,1
/share.php?page=41,/blog/,301,1
/share.php?page=42,/blog/,301,1
/share.php?page=43,/blog/,301,1
/share.php?page=44,/blog/,301,1
/share.php?page=45,/blog/,301,1
/share.php?page=46,/blog/,301,1
/share.php?page=47,/blog/,301,1
/share.php?page=48,/blog/,301,1
/share.php?page=49,/blog/,301,1
/share.php?page=50,/blog/,301,1
/share.php?page=51,/blog/,301,1
/share.php?page=52,/blog/,301,1
/share.php?page=53,/blog/,301,1
/share.php?page=54,/blog/,301,1
/share.php?page=55,/blog/,301,1
/share.php?page=56,/blog/,301,1
/share.php?page=57,/blog/,301,1
/share.php?page=58,/blog/,301,1
/share.php?page=59,/blog/,301,1
/share.php?page=60,/blog/,301,1
/share.php?page=61,/blog/,301,1
/share.php?page=62,/blog/,301,1
/share.php?page=63,/blog/,301,1
/share.php?page=64,/blog/,301,1
/share.php?page=65,/blog/,301,1
/share.php?page=66,/blog/,301,1
/share.php?page=67,/blog/,301,1
/share.php?page=68,/blog/,301,1
/share.php?page=69,/blog/,301,1
/share.php?page=70,/blog/,301,1
/share.php?page=71,/blog/,301,1
/share.php?class=&year=2015,/blog/,301,1
/share.php?class=&year=2016,/blog/,301,1
/share.php?class=&year=2017,/blog/,301,1
/share.php?class=&year=2018,/blog/,301,1
/share.php?class=&year=2019,/blog/,301,1
/share.php?class=&year=2020,/blog/,301,1
/share.php?class=&year=2021,/blog/,301,1
/share.php?class=&year=2022,/blog/,301,1
/share.php?class=&year=2023,/blog/,301,1
/share.php?class=&year=2024,/blog/,301,1
/share.php?class=&year=2025,/blog/,301,1
/share.php?class=醫美新知,/blog/medical-aesthetics/,301,1
/share.php?class=醫美新知&page=2,/blog/medical-aesthetics/,301,1
/share.php?class=醫美新知&page=3,/blog/medical-aesthetics/,301,1
/share.php?class=醫美新知&page=4,/blog/medical-aesthetics/,301,1
/share.php?class=醫美新知&page=5,/blog/medical-aesthetics/,301,1
/share.php?class=醫美新知&page=6,/blog/medical-aesthetics/,301,1
/share.php?class=醫美新知&page=7,/blog/medical-aesthetics/,301,1
/share.php?class=醫美新知&page=8,/blog/medical-aesthetics/,301,1
/share.php?class=醫美新知&page=9,/blog/medical-aesthetics/,301,1
/share.php?class=醫美新知&page=10,/blog/medical-aesthetics/,301,1
/share.php?class=醫美新知&page=11,/blog/medical-aesthetics/,301,1
/share.php?class=醫美新知&page=12,/blog/medical-aesthetics/,301,1
/share.php?class=醫美新知&page=13,/blog/medical-aesthetics/,301,1
/share.php?class=醫美新知&page=14,/blog/medical-aesthetics/,301,1
/share.php?class=醫美新知&page=15,/blog/medical-aesthetics/,301,1
/share.php?class=醫美新知&page=16,/blog/medical-aesthetics/,301,1
/share.php?class=醫美新知&page=17,/blog/medical-aesthetics/,301,1
/share.php?class=醫美新知&page=18,/blog/medical-aesthetics/,301,1
/share.php?class=醫美新知&page=19,/blog/medical-aesthetics/,301,1
/share.php?class=醫美新知&page=20,/blog/medical-aesthetics/,301,1
/share.php?class=醫美新知&page=21,/blog/medical-aesthetics/,301,1
/share.php?class=醫美新知&page=22,/blog/medical-aesthetics/,301,1
/share.php?class=醫美新知&page=23,/blog/medical-aesthetics/,301,1
/share.php?class=醫美新知&page=24,/blog/medical-aesthetics/,301,1
/share.php?class=醫美新知&page=25,/blog/medical-aesthetics/,301,1
/share.php?class=醫美新知&year=2016,/blog/medical-aesthetics/,301,1
/share.php?class=醫美新知&year=2017,/blog/medical-aesthetics/,301,1
/share.php?class=醫美新知&year=2018,/blog/medical-aesthetics/,301,1
/share.php?class=醫美新知&year=2019,/blog/medical-aesthetics/,301,1
/share.php?class=醫美新知&year=2020,/blog/medical-aesthetics/,301,1
/share.php?class=醫美新知&year=2021,/blog/medical-aesthetics/,301,1
/share.php?class=醫美新知&year=2022,/blog/medical-aesthetics/,301,1
/share.php?class=醫美新知&year=2023,/blog/medical-aesthetics/,301,1
/share.php?class=醫美新知&year=2024,/blog/medical-aesthetics/,301,1
/share.php?class=醫美新知&year=2025,/blog/medical-aesthetics/,301,1
/share.php?class=皮膚新知,/blog/dermatology/,301,1
/share.php?class=皮膚新知&page=2,/blog/dermatology/,301,1
/share.php?class=皮膚新知&page=3,/blog/dermatology/,301,1
/share.php?class=皮膚新知&page=4,/blog/dermatology/,301,1
/share.php?class=皮膚新知&page=5,/blog/dermatology/,301,1
/share.php?class=皮膚新知&page=6,/blog/dermatology/,301,1
/share.php?class=皮膚新知&page=7,/blog/dermatology/,301,1
/share.php?class=皮膚新知&page=8,/blog/dermatology/,301,1
/share.php?class=皮膚新知&page=9,/blog/dermatology/,301,1
/share.php?class=皮膚新知&page=10,/blog/dermatology/,301,1
/share.php?class=皮膚新知&page=11,/blog/dermatology/,301,1
/share.php?class=皮膚新知&page=12,/blog/dermatology/,301,1
/share.php?class=皮膚新知&page=13,/blog/dermatology/,301,1
/share.php?class=皮膚新知&page=14,/blog/dermatology/,301,1
/share.php?class=皮膚新知&page=15,/blog/dermatology/,301,1
/share.php?class=皮膚新知&page=16,/blog/dermatology/,301,1
/share.php?class=皮膚新知&page=17,/blog/dermatology/,301,1
/share.php?class=皮膚新知&page=18,/blog/dermatology/,301,1
/share.php?class=皮膚新知&year=2017,/blog/dermatology/,301,1
/share.php?class=皮膚新知&year=2018,/blog/dermatology/,301,1
/share.php?class=皮膚新知&year=2019,/blog/dermatology/,301,1
/share.php?class=皮膚新知&year=2020,/blog/dermatology/,301,1
/share.php?class=皮膚新知&year=2021,/blog/dermatology/,301,1
/share.php?class=皮膚新知&year=2022,/blog/dermatology/,301,1
/share.php?class=皮膚新知&year=2023,/blog/dermatology/,301,1
/share.php?class=皮膚新知&year=2024,/blog/dermatology/,301,1
/share.php?class=皮膚新知&year=2025,/blog/dermatology/,301,1
/share.php?class=皮膚新知&year=2026,/blog/dermatology/,301,1
/share.php?class=媒體報導,/blog/media/,301,1
/share.php?class=媒體報導&page=2,/blog/media/,301,1
/share.php?class=媒體報導&page=3,/blog/media/,301,1
/share.php?class=媒體報導&page=4,/blog/media/,301,1
/share.php?class=媒體報導&page=5,/blog/media/,301,1
/share.php?class=媒體報導&page=6,/blog/media/,301,1
/share.php?class=媒體報導&page=7,/blog/media/,301,1
/share.php?class=媒體報導&page=8,/blog/media/,301,1
/share.php?class=媒體報導&page=9,/blog/media/,301,1
/share.php?class=媒體報導&page=10,/blog/media/,301,1
/share.php?class=媒體報導&page=11,/blog/media/,301,1
/share.php?class=媒體報導&page=12,/blog/media/,301,1
/share.php?class=媒體報導&page=13,/blog/media/,301,1
/share.php?class=媒體報導&page=14,/blog/media/,301,1
/share.php?class=媒體報導&page=15,/blog/media/,301,1
/share.php?class=媒體報導&page=16,/blog/media/,301,1
/share.php?class=媒體報導&page=17,/blog/media/,301,1
/share.php?class=媒體報導&page=18,/blog/media/,301,1
/share.php?class=媒體報導&page=19,/blog/media/,301,1
/share.php?class=媒體報導&page=20,/blog/media/,301,1
/share.php?class=媒體報導&year=2016,/blog/media/,301,1
/share.php?class=媒體報導&year=2017,/blog/media/,301,1
/share.php?class=媒體報導&year=2018,/blog/media/,301,1
/share.php?class=媒體報導&year=2019,/blog/media/,301,1
/share.php?class=媒體報導&year=2020,/blog/media/,301,1
/share.php?class=媒體報導&year=2021,/blog/media/,301,1
/share.php?class=媒體報導&year=2022,/blog/media/,301,1
/share.php?class=媒體報導&year=2023,/blog/media/,301,1
/share.php?class=媒體報導&year=2024,/blog/media/,301,1
/share.php?class=媒體報導&year=2025,/blog/media/,301,1
/share.php?class=演講授課,/blog/lectures/,301,1
/share.php?class=演講授課&page=2,/blog/lectures/,301,1
/share.php?class=演講授課&page=3,/blog/lectures/,301,1
/share.php?class=演講授課&page=4,/blog/lectures/,301,1
/share.php?class=演講授課&page=5,/blog/lectures/,301,1
/share.php?class=演講授課&page=6,/blog/lectures/,301,1
/share.php?class=演講授課&page=7,/blog/lectures/,301,1
/share.php?class=演講授課&page=8,/blog/lectures/,301,1
/share.php?class=演講授課&page=9,/blog/lectures/,301,1
/share.php?class=演講授課&page=10,/blog/lectures/,301,1
/share.php?class=演講授課&year=2015,/blog/lectures/,301,1
/share.php?class=演講授課&year=2016,/blog/lectures/,301,1
/share.php?class=演講授課&year=2017,/blog/lectures/,301,1
/share.php?class=演講授課&year=2018,/blog/lectures/,301,1
/share.php?class=演講授課&year=2019,/blog/lectures/,301,1
/share.php?class=演講授課&year=2020,/blog/lectures/,301,1
/share.php?class=演講授課&year=2021,/blog/lectures/,301,1
/share.php?class=演講授課&year=2022,/blog/lectures/,301,1
/share.php?class=演講授課&year=2023,/blog/lectures/,301,1
/share.php?class=演講授課&year=2024,/blog/lectures/,301,1
/share.php?class=演講授課&year=2025,/blog/lectures/,301,1
